frameNumber,"TIME, ms","TDEP, 0.1 in","TENS_SL, lbf","DEPT_SL, 0.1 in"
1,16677259.0,852606.0,2233.0,852606.0
2,16678259.0,852606.0,2237.0,852606.0
3,16679259.0,852606.0,2211.0,852606.0
4,16680259.0,852606.0,2193.0,852606.0
5,16681259.0,852606.0,2213.0,852606.0
6,16682259.0,852606.0,2185.0,852606.0
7,16683259.0,852606.0,2177.0,852606.0
8,16684259.0,852606.0,2199.0,852606.0
9,16685259.0,852606.0,2229.0,852606.0
10,16686259.0,852606.0,2237.0,852606.0
11,16687259.0,852606.0,2211.0,852606.0
12,16688259.0,852606.0,2232.0,852606.0
13,16689259.0,852606.0,2205.0,852606.0
14,16690259.0,852606.0,2170.0,852606.0
15,16691259.0,852606.0,2153.0,852606.0
16,16692259.0,852606.0,2153.0,852606.0
17,16693259.0,852606.0,2145.0,852606.0
18,16694259.0,852606.0,2180.0,852606.0
19,16695259.0,852606.0,2186.0,852606.0
20,16696259.0,852606.0,2194.0,852606.0
21,16697259.0,852606.0,2193.0,852606.0
22,16698259.0,852606.0,2205.0,852606.0
23,16699259.0,852606.0,2210.0,852606.0
24,16700259.0,852606.0,2213.0,852606.0
25,16701259.0,852606.0,2232.0,852606.0
26,16702259.0,852606.0,2235.0,852606.0
27,16703259.0,852606.0,2211.0,852606.0
28,16704259.0,852606.0,2175.0,852606.0
29,16705259.0,852606.0,2158.0,852606.0
30,16706259.0,852606.0,2131.0,852606.0
31,16707259.0,852606.0,2121.0,852606.0
32,16708259.0,852606.0,2136.0,852606.0
33,16709259.0,852606.0,2164.0,852606.0
34,16710259.0,852606.0,2193.0,852606.0
35,16711259.0,852606.0,2217.0,852606.0
36,16712259.0,852606.0,2233.0,852606.0
37,16713259.0,852606.0,2222.0,852606.0
38,16714259.0,852606.0,2203.0,852606.0
39,16715259.0,852606.0,2177.0,852606.0
40,16716259.0,852606.0,2150.0,852606.0
41,16717259.0,852606.0,2141.0,852606.0
42,16718259.0,852606.0,2142.0,852606.0
43,16719259.0,852606.0,2162.0,852606.0
44,16720259.0,852606.0,2187.0,852606.0
45,16721259.0,852606.0,2197.0,852606.0
46,16722259.0,852606.0,2205.0,852606.0
47,16723259.0,852606.0,2212.0,852606.0
48,16724259.0,852606.0,2197.0,852606.0
49,16725259.0,852606.0,2199.0,852606.0
50,16726259.0,852606.0,2201.0,852606.0
51,16727259.0,852606.0,2187.0,852606.0
52,16728259.0,852606.0,2185.0,852606.0
53,16729259.0,852606.0,2178.0,852606.0
54,16730259.0,852606.0,2159.0,852606.0
55,16731259.0,852606.0,2144.0,852606.0
56,16732259.0,852606.0,2142.0,852606.0
57,16733259.0,852606.0,2177.0,852606.0
58,16734259.0,852606.0,2184.0,852606.0
59,16735259.0,852606.0,2194.0,852606.0
60,16736259.0,852606.0,2198.0,852606.0
61,16737259.0,852606.0,2204.0,852606.0
62,16738259.0,852606.0,2205.0,852606.0
63,16739259.0,852606.0,2179.0,852606.0
64,16740259.0,852606.0,2186.0,852606.0
65,16741259.0,852606.0,2187.0,852606.0
66,16742259.0,852606.0,2178.0,852606.0
67,16743259.0,852606.0,2159.0,852606.0
68,16744259.0,852606.0,2147.0,852606.0
69,16745259.0,852606.0,2137.0,852606.0
70,16746259.0,852606.0,2139.0,852606.0
71,16747259.0,852606.0,2169.0,852606.0
72,16748259.0,852606.0,2191.0,852606.0
73,16749259.0,852606.0,2211.0,852606.0
74,16750259.0,852606.0,2223.0,852606.0
75,16751259.0,852606.0,2230.0,852606.0
76,16752259.0,852606.0,2208.0,852606.0
77,16753259.0,852606.0,2180.0,852606.0
78,16754259.0,852606.0,2157.0,852606.0
79,16755259.0,852606.0,2135.0,852606.0
80,16756259.0,852606.0,2135.0,852606.0
81,16757259.0,852606.0,2153.0,852606.0
82,16758259.0,852606.0,2171.0,852606.0
83,16759259.0,852606.0,2202.0,852606.0
84,16760259.0,852606.0,2214.0,852606.0
85,16761259.0,852606.0,2208.0,852606.0
86,16762259.0,852606.0,2212.0,852606.0
87,16763259.0,852606.0,2208.0,852606.0
88,16764259.0,852606.0,2199.0,852606.0
89,16765259.0,852606.0,2186.0,852606.0
90,16766259.0,852606.0,2161.0,852606.0
91,16767259.0,852606.0,2147.0,852606.0
92,16768259.0,852606.0,2159.0,852606.0
93,16769259.0,852606.0,2150.0,852606.0
94,16770259.0,852606.0,2157.0,852606.0
95,16771259.0,852606.0,2177.0,852606.0
96,16772259.0,852606.0,2202.0,852606.0
97,16773259.0,852606.0,2210.0,852606.0
98,16774259.0,852606.0,2214.0,852606.0
99,16775259.0,852606.0,2205.0,852606.0
100,16776259.0,852606.0,2170.0,852606.0
101,16777260.0,852606.0,2171.0,852606.0
102,16778260.0,852606.0,2164.0,852606.0
103,16779260.0,852606.0,2159.0,852606.0
104,16780260.0,852606.0,2158.0,852606.0
105,16781260.0,852606.0,2159.0,852606.0
106,16782260.0,852606.0,2175.0,852606.0
107,16783260.0,852606.0,2159.0,852606.0
108,16784260.0,852606.0,2172.0,852606.0
109,16785260.0,852606.0,2183.0,852606.0
110,16786260.0,852606.0,2191.0,852606.0
111,16787260.0,852606.0,2174.0,852606.0
112,16788260.0,852606.0,2157.0,852606.0
113,16789260.0,852606.0,2185.0,852606.0
114,16790260.0,852606.0,2167.0,852606.0
115,16791260.0,852606.0,2154.0,852606.0
116,16792260.0,852606.0,2164.0,852606.0
117,16793260.0,852606.0,2196.0,852606.0
118,16794260.0,852606.0,2213.0,852606.0
119,16795260.0,852606.0,2207.0,852606.0
120,16796260.0,852606.0,2205.0,852606.0
121,16797260.0,852606.0,2184.0,852606.0
122,16798260.0,852607.0,2158.0,852607.0
123,16799260.0,852607.0,2140.0,852607.0
124,16800260.0,852607.0,2144.0,852607.0
125,16801260.0,852607.0,2161.0,852607.0
126,16802260.0,852607.0,2179.0,852607.0
127,16803260.0,852607.0,2204.0,852607.0
128,16804260.0,852607.0,2208.0,852607.0
129,16805260.0,852607.0,2181.0,852607.0
130,16806260.0,852607.0,2157.0,852607.0
131,16807260.0,852607.0,2162.0,852607.0
132,16808260.0,852607.0,2153.0,852607.0
133,16809260.0,852607.0,2171.0,852607.0
134,16810260.0,852607.0,2183.0,852607.0
135,16811260.0,852607.0,2181.0,852607.0
136,16812260.0,852607.0,2168.0,852607.0
137,16813260.0,852607.0,2172.0,852607.0
138,16814260.0,852607.0,2168.0,852607.0
139,16815260.0,852607.0,2159.0,852607.0
140,16816260.0,852607.0,2163.0,852607.0
141,16817260.0,852607.0,2188.0,852607.0
142,16818260.0,852607.0,2205.0,852607.0
143,16819260.0,852607.0,2213.0,852607.0
144,16820260.0,852607.0,2201.0,852607.0
145,16821260.0,852607.0,2172.0,852607.0
146,16822260.0,852607.0,2143.0,852607.0
147,16823260.0,852607.0,2121.0,852607.0
148,16824260.0,852607.0,2107.0,852607.0
149,16825260.0,852607.0,2126.0,852607.0
150,16826260.0,852607.0,2178.0,852607.0
151,16827260.0,852607.0,2217.0,852607.0
152,16828260.0,852607.0,2224.0,852607.0
153,16829260.0,852607.0,2223.0,852607.0
154,16830260.0,852607.0,2183.0,852607.0
155,16831260.0,852607.0,2163.0,852607.0
156,16832260.0,852607.0,2144.0,852607.0
157,16833260.0,852607.0,2141.0,852607.0
158,16834260.0,852607.0,2144.0,852607.0
159,16835260.0,852607.0,2136.0,852607.0
160,16836260.0,852607.0,2132.0,852607.0
161,16837260.0,852607.0,2141.0,852607.0
162,16838260.0,852607.0,2150.0,852607.0
163,16839260.0,852607.0,2160.0,852607.0
164,16840260.0,852607.0,2193.0,852607.0
165,16841260.0,852607.0,2180.0,852607.0
166,16842260.0,852607.0,2196.0,852607.0
167,16843260.0,852607.0,2193.0,852607.0
168,16844260.0,852607.0,2171.0,852607.0
169,16845260.0,852607.0,2142.0,852607.0
170,16846260.0,852607.0,2116.0,852607.0
171,16847260.0,852607.0,2117.0,852607.0
172,16848260.0,852607.0,2119.0,852607.0
173,16849260.0,852607.0,2160.0,852607.0
174,16850260.0,852607.0,2198.0,852607.0
175,16851260.0,852607.0,2205.0,852607.0
176,16852260.0,852607.0,2213.0,852607.0
177,16853260.0,852607.0,2195.0,852607.0
178,16854260.0,852607.0,2187.0,852607.0
179,16855260.0,852607.0,2168.0,852607.0
180,16856260.0,852607.0,2166.0,852607.0
181,16857260.0,852607.0,2175.0,852607.0
182,16858260.0,852607.0,2171.0,852607.0
183,16859260.0,852607.0,2162.0,852607.0
184,16860260.0,852607.0,2176.0,852607.0
185,16861260.0,852607.0,2160.0,852607.0
186,16862260.0,852607.0,2134.0,852607.0
187,16863260.0,852607.0,2123.0,852607.0
188,16864260.0,852607.0,2139.0,852607.0
189,16865260.0,852607.0,2170.0,852607.0
190,16866260.0,852607.0,2210.0,852607.0
191,16867260.0,852607.0,2228.0,852607.0
192,16868260.0,852607.0,2198.0,852607.0
193,16869260.0,852607.0,2194.0,852607.0
194,16870260.0,852607.0,2161.0,852607.0
195,16871260.0,852607.0,2139.0,852607.0
196,16872260.0,852607.0,2134.0,852607.0
197,16873260.0,852607.0,2153.0,852607.0
198,16874260.0,852607.0,2164.0,852607.0
199,16875260.0,852607.0,2168.0,852607.0
200,16876260.0,852607.0,2171.0,852607.0
201,16877260.0,852607.0,2162.0,852607.0
202,16878260.0,852607.0,2144.0,852607.0
203,16879260.0,852607.0,2145.0,852607.0
204,16880260.0,852607.0,2164.0,852607.0
205,16881260.0,852607.0,2163.0,852607.0
206,16882260.0,852607.0,2195.0,852607.0
207,16883260.0,852607.0,2187.0,852607.0
208,16884260.0,852607.0,2172.0,852607.0
209,16885260.0,852607.0,2152.0,852607.0
210,16886260.0,852607.0,2130.0,852607.0
211,16887260.0,852607.0,2124.0,852607.0
212,16888260.0,852607.0,2176.0,852607.0
213,16889260.0,852607.0,2181.0,852607.0
214,16890260.0,852607.0,2194.0,852607.0
215,16891260.0,852607.0,2193.0,852607.0
216,16892260.0,852607.0,2189.0,852607.0
217,16893260.0,852607.0,2184.0,852607.0
218,16894260.0,852607.0,2153.0,852607.0
219,16895260.0,852607.0,2169.0,852607.0
220,16896260.0,852607.0,2177.0,852607.0
221,16897260.0,852607.0,2169.0,852607.0
222,16898260.0,852607.0,2150.0,852607.0
223,16899260.0,852607.0,2178.0,852607.0
224,16900260.0,852607.0,2176.0,852607.0
225,16901260.0,852607.0,2180.0,852607.0
226,16902260.0,852607.0,2196.0,852607.0
227,16903260.0,852607.0,2172.0,852607.0
228,16904260.0,852607.0,2176.0,852607.0
229,16905260.0,852607.0,2174.0,852607.0
230,16906260.0,852607.0,2160.0,852607.0
231,16907260.0,852607.0,2181.0,852607.0
232,16908260.0,852607.0,2158.0,852607.0
233,16909260.0,852607.0,2163.0,852607.0
234,16910260.0,852607.0,2172.0,852607.0
235,16911260.0,852607.0,2194.0,852607.0
236,16912260.0,852607.0,2196.0,852607.0
237,16913260.0,852607.0,2212.0,852607.0
238,16914260.0,852607.0,2189.0,852607.0
239,16915260.0,852607.0,2159.0,852607.0
240,16916260.0,852607.0,2140.0,852607.0
241,16917260.0,852607.0,2143.0,852607.0
242,16918260.0,852607.0,2127.0,852607.0
243,16919260.0,852607.0,2145.0,852607.0
244,16920260.0,852607.0,2184.0,852607.0
245,16921260.0,852607.0,2202.0,852607.0
246,16922260.0,852607.0,2206.0,852607.0
247,16923260.0,852607.0,2176.0,852607.0
248,16924260.0,852607.0,2179.0,852607.0
249,16925260.0,852607.0,2145.0,852607.0
250,16926260.0,852607.0,2131.0,852607.0
251,16927260.0,852607.0,2136.0,852607.0
252,16928260.0,852607.0,2152.0,852607.0
253,16929260.0,852607.0,2155.0,852607.0
254,16930260.0,852607.0,2180.0,852607.0
255,16931260.0,852607.0,2189.0,852607.0
256,16932260.0,852607.0,2164.0,852607.0
257,16933260.0,852607.0,2157.0,852607.0
258,16934260.0,852607.0,2135.0,852607.0
259,16935260.0,852607.0,2171.0,852607.0
260,16936260.0,852607.0,2185.0,852607.0
261,16937260.0,852607.0,2203.0,852607.0
262,16938260.0,852607.0,2181.0,852607.0
263,16939260.0,852607.0,2157.0,852607.0
264,16940260.0,852607.0,2145.0,852607.0
265,16941260.0,852607.0,2139.0,852607.0
266,16942260.0,852607.0,2155.0,852607.0
267,16943260.0,852607.0,2179.0,852607.0
268,16944260.0,852607.0,2197.0,852607.0
269,16945260.0,852607.0,2202.0,852607.0
270,16946260.0,852607.0,2207.0,852607.0
271,16947260.0,852607.0,2196.0,852607.0
272,16948260.0,852607.0,2170.0,852607.0
273,16949260.0,852607.0,2171.0,852607.0
274,16950260.0,852607.0,2162.0,852607.0
275,16951260.0,852607.0,2151.0,852607.0
276,16952260.0,852607.0,2150.0,852607.0
277,16953260.0,852607.0,2153.0,852607.0
278,16954260.0,852607.0,2147.0,852607.0
279,16955260.0,852607.0,2143.0,852607.0
280,16956260.0,852607.0,2132.0,852607.0
281,16957260.0,852607.0,2175.0,852607.0
282,16958260.0,852607.0,2188.0,852607.0
283,16959260.0,852607.0,2175.0,852607.0
284,16960260.0,852607.0,2161.0,852607.0
285,16961260.0,852607.0,2159.0,852607.0
286,16962260.0,852607.0,2142.0,852607.0
287,16963260.0,852607.0,2127.0,852607.0
288,16964260.0,852607.0,2153.0,852607.0
289,16965260.0,852607.0,2193.0,852607.0
290,16966260.0,852607.0,2185.0,852607.0
291,16967260.0,852607.0,2183.0,852607.0
292,16968260.0,852607.0,2189.0,852607.0
293,16969260.0,852607.0,2162.0,852607.0
294,16970260.0,852607.0,2152.0,852607.0
295,16971260.0,852607.0,2154.0,852607.0
296,16972260.0,852607.0,2137.0,852607.0
297,16973260.0,852607.0,2163.0,852607.0
298,16974260.0,852607.0,2180.0,852607.0
299,16975260.0,852607.0,2212.0,852607.0
300,16976260.0,852607.0,2180.0,852607.0
301,16977260.0,852607.0,2168.0,852607.0
302,16978260.0,852607.0,2162.0,852607.0
303,16979260.0,852607.0,2117.0,852607.0
304,16980260.0,852613.25,2123.0,852613.0
305,16981260.0,852621.0,2088.0,852621.0
306,16982260.0,852641.0,2107.0,852641.0
307,16983260.0,852697.25,2036.0,852697.0
308,16984260.0,852758.5625,1942.0,852756.0
309,16985260.0,852818.9375,1874.0,852817.0
310,16986260.0,852879.0625,1921.0,852878.0
311,16987260.0,852941.4375,1894.0,852941.0
312,16988260.0,853002.75,1966.0,853002.0
313,16989260.0,853069.1875,1948.0,853069.0
314,16990260.0,853150.4375,1922.0,853147.0
315,16991260.0,853234.5,1910.0,853231.0
316,16992260.0,853332.0,1896.0,853330.0
317,16993260.0,853441.5,1870.0,853441.0
318,16994260.0,853551.1875,1882.0,853550.0
319,16995260.0,853667.0,1862.0,853663.0
320,16996260.0,853793.5,1866.0,853789.0
321,16997260.0,853920.1875,1887.0,853917.0
322,16998260.0,854045.0,1860.0,854043.0
323,16999260.0,854171.75,1867.0,854171.0
324,17000260.0,854300.1875,1844.0,854299.0
325,17001260.0,854425.0,1848.0,854421.0
326,17002260.0,854552.1875,1868.0,854548.0
327,17003260.0,854679.25,1878.0,854676.0
328,17004260.0,854805.0,1874.0,854803.0
329,17005260.0,854932.1875,1871.0,854932.0
330,17006260.0,855059.8125,1905.0,855059.0
331,17007260.0,855186.0,1865.0,855181.0
332,17008260.0,855313.1875,1860.0,855309.0
333,17009260.0,855440.5,1879.0,855438.0
334,17010260.0,855567.0,1900.0,855564.0
335,17011260.0,855697.0,1882.0,855697.0
336,17012260.0,855833.5,1875.0,855833.0
337,17013260.0,855969.0,1852.0,855964.0
338,17014260.0,856105.0,1825.0,856100.0
339,17015260.0,856241.5,1868.0,856238.0
340,17016260.0,856377.0,1844.0,856375.0
341,17017260.0,856513.0,1855.0,856513.0
342,17018260.0,856650.5,1888.0,856650.0
343,17019260.0,856785.0,1873.0,856781.0
344,17020260.0,856922.0,1865.0,856917.0
345,17021260.0,857058.1875,1855.0,857055.0
346,17022260.0,857193.0,1840.0,857191.0
347,17023260.0,857329.0,1874.0,857329.0
348,17024260.0,857466.1875,1858.0,857466.0
349,17025260.0,857603.8125,1864.0,857598.0
350,17026260.0,857738.0,1894.0,857734.0
351,17027260.0,857873.8125,1889.0,857872.0
352,17028260.0,858011.75,1883.0,858009.0
353,17029260.0,858147.0,1873.0,858147.0
354,17030260.0,858282.8125,1867.0,858277.0
355,17031260.0,858419.5,1888.0,858414.0
356,17032260.0,858555.0,1868.0,858551.0
357,17033260.0,858691.8125,1879.0,858690.0
358,17034260.0,858828.5,1871.0,858826.0
359,17035260.0,858964.0,1878.0,858964.0
360,17036260.0,859100.5,1865.0,859094.0
361,17037260.0,859237.1875,1880.0,859232.0
362,17038260.0,859372.0,1900.0,859368.0
363,17039260.0,859508.5,1878.0,859507.0
364,17040260.0,859645.25,1884.0,859643.0
365,17041260.0,859782.0,1849.0,859782.0
366,17042260.0,859916.1875,1865.0,859911.0
367,17043260.0,860052.8125,1908.0,860049.0
368,17044260.0,860190.0,1868.0,860185.0
369,17045260.0,860325.1875,1880.0,860324.0
370,17046260.0,860461.75,1888.0,860459.0
371,17047260.0,860598.0,1879.0,860598.0
372,17048260.0,860734.1875,1889.0,860728.0
373,17049260.0,860870.75,1883.0,860866.0
374,17050260.0,861007.0,1861.0,861002.0
375,17051260.0,861143.0,1888.0,861141.0
376,17052260.0,861278.8125,1883.0,861277.0
377,17053260.0,861415.0,1841.0,861415.0
378,17054260.0,861551.0,1891.0,861544.0
379,17055260.0,861685.5,1864.0,861682.0
380,17056260.0,861824.0,1878.0,861819.0
381,17057260.0,861960.0,1871.0,861957.0
382,17058260.0,862094.5,1880.0,862093.0
383,17059260.0,862230.8125,1887.0,862225.0
384,17060260.0,862368.0,1864.0,862361.0
385,17061260.0,862503.1875,1877.0,862499.0
386,17062260.0,862639.8125,1871.0,862636.0
387,17063260.0,862776.0,1860.0,862774.0
388,17064260.0,862911.1875,1870.0,862910.0
389,17065260.0,863047.8125,1877.0,863041.0
390,17066260.0,863184.0,1895.0,863177.0
391,17067260.0,863319.1875,1864.0,863316.0
392,17068260.0,863456.8125,1906.0,863452.0
393,17069260.0,863593.0,1883.0,863591.0
394,17070260.0,863727.25,1847.0,863726.0
395,17071260.0,863864.5,1858.0,863858.0
396,17072260.0,864002.0,1865.0,863995.0
397,17073260.0,864136.25,1878.0,864133.0
398,17074260.0,864272.5,1912.0,864269.0
399,17075260.0,864409.0,1904.0,864407.0
400,17076260.0,864543.5,1888.0,864543.0
401,17077260.0,864680.1875,1905.0,864674.0
402,17078260.0,864816.8125,1883.0,864810.0
403,17079260.0,864951.5,1882.0,864949.0
404,17080260.0,865089.75,1887.0,865086.0
405,17081260.0,865225.8125,1899.0,865224.0
406,17082260.0,865360.5,1933.0,865360.0
407,17083260.0,865497.1875,1871.0,865492.0
408,17084260.0,865634.8125,1882.0,865628.0
409,17085260.0,865768.5,1900.0,865766.0
410,17086260.0,865905.1875,1886.0,865902.0
411,17087260.0,866042.25,1891.0,866040.0
412,17088260.0,866177.1875,1893.0,866177.0
413,17089260.0,866314.25,1893.0,866309.0
414,17090260.0,866451.25,1938.0,866445.0
415,17091260.0,866585.25,1900.0,866583.0
416,17092260.0,866722.8125,1878.0,866720.0
417,17093260.0,866859.75,1901.0,866858.0
418,17094260.0,866994.0,1876.0,866990.0
419,17095260.0,867131.5,1874.0,867126.0
420,17096260.0,867269.1875,1876.0,867263.0
421,17097260.0,867403.0,1852.0,867400.0
422,17098260.0,867539.5,1909.0,867536.0
423,17099260.0,867676.1875,1903.0,867675.0
424,17100260.0,867812.0,1873.0,867807.0
425,17101260.0,867949.75,1888.0,867945.0
426,17102260.0,868088.1875,1873.0,868084.0
427,17103260.0,868224.0,1886.0,868222.0
428,17104260.0,868362.1875,1870.0,868362.0
429,17105260.0,868499.8125,1879.0,868499.0
430,17106260.0,868635.0,1891.0,868630.0
431,17107260.0,868772.1875,1891.0,868768.0
432,17108260.0,868909.8125,1891.0,868907.0
433,17109260.0,869045.0,1859.0,869043.0
434,17110260.0,869182.0,1868.0,869182.0
435,17111260.0,869319.75,1874.0,869319.0
436,17112260.0,869455.1875,1856.0,869449.0
437,17113260.0,869587.0,1859.0,869582.0
438,17114260.0,869720.5,1848.0,869718.0
439,17115260.0,869855.1875,1858.0,869852.0
440,17116260.0,869987.0,1868.0,869987.0
441,17117260.0,870120.75,1909.0,870120.0
442,17118260.0,870255.1875,1912.0,870249.0
443,17119260.0,870387.0,1896.0,870383.0
444,17120260.0,870521.1875,1895.0,870518.0
445,17121260.0,870654.8125,1886.0,870651.0
446,17122260.0,870787.0,1909.0,870787.0
447,17123260.0,870921.1875,1879.0,870921.0
448,17124260.0,871054.8125,1877.0,871049.0
449,17125260.0,871187.0,1903.0,871182.0
450,17126260.0,871320.25,1879.0,871318.0
451,17127260.0,871454.5,1889.0,871452.0
452,17128260.0,871587.0,1868.0,871587.0
453,17129260.0,871719.8125,1888.0,871713.0
454,17130260.0,871853.5,1910.0,871848.0
455,17131260.0,871986.0,1885.0,871982.0
456,17132260.0,872118.8125,1901.0,872117.0
457,17133260.0,872252.5,1861.0,872250.0
458,17134260.0,872386.0,1893.0,872386.0
459,17135260.0,872518.8125,1908.0,872513.0
460,17136260.0,872652.5,1876.0,872648.0
461,17137260.0,872785.0,1873.0,872781.0
462,17138260.0,872917.5,1870.0,872916.0
463,17139260.0,873051.1875,1913.0,873049.0
464,17140260.0,873184.0,1893.0,873184.0
465,17141260.0,873316.5,1909.0,873310.0
466,17142260.0,873450.25,1928.0,873446.0
467,17143260.0,873585.0,1903.0,873580.0
468,17144260.0,873716.1875,1880.0,873715.0
469,17145260.0,873849.8125,1891.0,873848.0
470,17146260.0,873984.0,1878.0,873984.0
471,17147260.0,874116.1875,1906.0,874110.0
472,17148260.0,874249.8125,1886.0,874245.0
473,17149260.0,874383.0,1885.0,874379.0
474,17150260.0,874515.75,1900.0,874514.0
475,17151260.0,874649.8125,1891.0,874648.0
476,17152260.0,874783.0,1901.0,874783.0
477,17153260.0,874915.1875,1887.0,874909.0
478,17154260.0,875049.25,1901.0,875045.0
479,17155260.0,875183.0,1905.0,875179.0
480,17156260.0,875314.8125,1902.0,875314.0
481,17157260.0,875448.5,1910.0,875447.0
482,17158260.0,875583.0,1883.0,875583.0
483,17159260.0,875715.8125,1884.0,875710.0
484,17160260.0,875849.1875,1912.0,875846.0
485,17161260.0,875982.8125,1882.0,875979.0
486,17162260.0,876114.5,1879.0,876114.0
487,17163260.0,876248.1875,1873.0,876247.0
488,17164260.0,876382.75,1887.0,876376.0
489,17165260.0,876514.5,1892.0,876509.0
490,17166260.0,876648.75,1887.0,876645.0
491,17167260.0,876782.8125,1900.0,876779.0
492,17168260.0,876916.0,1927.0,876914.0
493,17169260.0,877049.1875,1908.0,877048.0
494,17170260.0,877183.75,1902.0,877177.0
495,17171260.0,877316.0,1876.0,877309.0
496,17172260.0,877447.8125,1924.0,877445.0
497,17173260.0,877582.5,1909.0,877578.0
498,17174260.0,877716.0,1889.0,877714.0
499,17175260.0,877847.8125,1901.0,877847.0
500,17176260.0,877982.25,1924.0,877976.0
501,17177260.0,878115.75,1921.0,878109.0
502,17178260.0,878247.5,1899.0,878245.0
503,17179260.0,878381.1875,1915.0,878378.0
504,17180260.0,878515.75,1945.0,878513.0
505,17181260.0,878647.5,1921.0,878647.0
506,17182260.0,878782.1875,1927.0,878777.0
507,17183260.0,878915.8125,1910.0,878910.0
508,17184260.0,879047.5,1908.0,879045.0
509,17185260.0,879181.1875,1903.0,879178.0
510,17186260.0,879315.75,1889.0,879313.0
511,17187260.0,879447.5,1899.0,879447.0
512,17188260.0,879580.8125,1920.0,879576.0
513,17189260.0,879714.5,1913.0,879709.0
514,17190260.0,879847.1875,1932.0,879845.0
515,17191260.0,879981.8125,1911.0,879978.0
516,17192260.0,880115.5,1905.0,880114.0
517,17193260.0,880247.1875,1910.0,880247.0
518,17194260.0,880380.75,1914.0,880376.0
519,17195260.0,880514.1875,1905.0,880508.0
520,17196260.0,880646.0,1921.0,880644.0
521,17197260.0,880779.5,1932.0,880777.0
522,17198260.0,880913.75,1923.0,880912.0
523,17199260.0,881046.0,1902.0,881039.0
524,17200260.0,881178.75,1909.0,881174.0
525,17201260.0,881312.1875,1915.0,881309.0
526,17202260.0,881445.0,1915.0,881443.0
527,17203260.0,881577.5,1927.0,881575.0
528,17204260.0,881711.1875,1928.0,881710.0
529,17205260.0,881843.0,1913.0,881837.0
530,17206260.0,881976.25,1920.0,881972.0
531,17207260.0,882109.8125,1924.0,882107.0
532,17208260.0,882242.0,1911.0,882240.0
533,17209260.0,882375.1875,1921.0,882373.0
534,17210260.0,882509.25,1904.0,882508.0
535,17211260.0,882641.0,1918.0,882634.0
536,17212260.0,882774.0,1901.0,882770.0
537,17213260.0,882907.5,1899.0,882905.0
538,17214260.0,883041.0,1924.0,883039.0
539,17215260.0,883174.0,1912.0,883174.0
540,17216260.0,883307.5,1915.0,883307.0
541,17217260.0,883439.0,1928.0,883435.0
542,17218260.0,883572.8125,1920.0,883568.0
543,17219260.0,883706.5,1908.0,883703.0
544,17220260.0,883839.0,1910.0,883837.0
545,17221260.0,883971.5625,1904.0,883970.0
546,17222260.0,884106.1875,1930.0,884106.0
547,17223260.0,884239.0,1933.0,884233.0
548,17224260.0,884372.0,1944.0,884368.0
549,17225260.0,884506.1875,1926.0,884504.0
550,17226260.0,884639.0,1945.0,884637.0
551,17227260.0,884772.0,1900.0,884772.0
552,17228260.0,884904.8125,1933.0,884898.0
553,17229260.0,885039.0,1920.0,885034.0
554,17230260.0,885172.0,1932.0,885168.0
555,17231260.0,885304.8125,1923.0,885303.0
556,17232260.0,885439.5,1936.0,885437.0
557,17233260.0,885572.0,1942.0,885572.0
558,17234260.0,885705.8125,1933.0,885699.0
559,17235260.0,885839.5,1927.0,885835.0
560,17236260.0,885972.0,1930.0,885968.0
561,17237260.0,886105.8125,1924.0,886104.0
562,17238260.0,886240.1875,1921.0,886237.0
563,17239260.0,886372.0,1902.0,886372.0
564,17240260.0,886504.5,1930.0,886499.0
565,17241260.0,886639.1875,1918.0,886635.0
566,17242260.0,886773.0,1938.0,886768.0
567,17243260.0,886905.5,1926.0,886904.0
568,17244260.0,887038.875,1915.0,887037.0
569,17245260.0,887173.0,1915.0,887173.0
570,17246260.0,887306.1875,1923.0,887300.0
571,17247260.0,887439.8125,1924.0,887436.0
572,17248260.0,887573.0,1928.0,887568.0
573,17249260.0,887705.1875,1948.0,887704.0
574,17250260.0,887838.8125,1932.0,887837.0
575,17251260.0,887972.0,1932.0,887972.0
576,17252260.0,888104.75,1909.0,888099.0
577,17253260.0,888238.8125,1929.0,888235.0
578,17254260.0,888372.0,1929.0,888368.0
579,17255260.0,888503.8125,1915.0,888503.0
580,17256260.0,888638.5,1932.0,888637.0
581,17257260.0,888772.0,1953.0,888772.0
582,17258260.0,888904.25,1948.0,888899.0
583,17259260.0,889037.5,1956.0,889034.0
584,17260260.0,889171.0,1933.0,889167.0
585,17261260.0,889302.75,1923.0,889302.0
586,17262260.0,889437.1875,1912.0,889436.0
587,17263260.0,889570.8125,1917.0,889564.0
588,17264260.0,889702.5,1897.0,889697.0
589,17265260.0,889836.1875,1928.0,889833.0
590,17266260.0,889969.8125,1937.0,889966.0
591,17267260.0,890102.5,1944.0,890102.0
592,17268260.0,890236.1875,1939.0,890235.0
593,17269260.0,890369.8125,1911.0,890363.0
594,17270260.0,890501.75,1914.0,890497.0
595,17271260.0,890635.1875,1922.0,890632.0
596,17272260.0,890768.5,1921.0,890765.0
597,17273260.0,890900.1875,1946.0,890900.0
598,17274260.0,891033.8125,1956.0,891033.0
599,17275260.0,891167.5,1956.0,891162.0
600,17276260.0,891300.1875,1932.0,891295.0
601,17277260.0,891433.8125,1915.0,891431.0
602,17278260.0,891567.75,1918.0,891564.0
603,17279260.0,891700.0,1938.0,891700.0
604,17280260.0,891833.5,1931.0,891833.0
605,17281260.0,891967.1875,1938.0,891961.0
606,17282260.0,892098.0,1947.0,892094.0
607,17283260.0,892230.75,1954.0,892228.0
608,17284260.0,892362.75,1950.0,892359.0
609,17285260.0,892485.0,1950.0,892485.0
610,17286260.0,892605.5,1955.0,892605.0
611,17287260.0,892722.1875,1959.0,892717.0
612,17288260.0,892825.0,1983.0,892822.0
613,17289260.0,892930.1875,2008.0,892928.0
614,17290260.0,893024.4375,2016.0,893022.0
615,17291260.0,893104.0,2038.0,893104.0
616,17292260.0,893172.0625,2077.0,893172.0
617,17293260.0,893222.4375,2089.0,893221.0
618,17294260.0,893255.0,2070.0,893254.0
619,17295260.0,893272.0,2074.0,893272.0
620,17296260.0,893282.0,2157.0,893282.0
621,17297260.0,893291.0,2177.0,893291.0
622,17298260.0,893300.0,2110.0,893299.0
623,17299260.0,893302.0,2205.0,893303.0
624,17300260.0,893267.0,2327.0,893268.0
625,17301260.0,893232.0,2437.0,893233.0
626,17302260.0,893197.0,2540.0,893198.0
627,17303260.0,893162.0,2454.0,893162.0
628,17304260.0,893127.0,2474.0,893129.0
629,17305260.0,893092.0,2563.0,893094.0
630,17306260.0,893057.0,2523.0,893058.0
631,17307260.0,893022.0,2532.0,893023.0
632,17308260.0,892986.0,2559.0,892987.0
633,17309260.0,892949.5625,2594.0,892950.0
634,17310260.0,892914.0,2589.0,892915.0
635,17311260.0,892877.0,2559.0,892878.0
636,17312260.0,892840.75,2554.0,892842.0
637,17313260.0,892804.0,2557.0,892805.0
638,17314260.0,892768.0,2561.0,892768.0
639,17315260.0,892730.75,2536.0,892731.0
640,17316260.0,892695.0,2577.0,892696.0
641,17317260.0,892658.0625,2561.0,892659.0
642,17318260.0,892621.75,2540.0,892623.0
643,17319260.0,892585.0,2558.0,892586.0
644,17320260.0,892549.0,2496.0,892549.0
645,17321260.0,892511.75,2585.0,892512.0
646,17322260.0,892475.0,2555.0,892477.0
647,17323260.0,892439.0,2578.0,892440.0
648,17324260.0,892401.9375,2571.0,892403.0
649,17325260.0,892365.0,2551.0,892366.0
650,17326260.0,892329.0,2586.0,892329.0
651,17327260.0,892291.9375,2507.0,892292.0
652,17328260.0,892255.0,2547.0,892257.0
653,17329260.0,892219.4375,2526.0,892220.0
654,17330260.0,892183.0,2577.0,892183.0
655,17331260.0,892154.0,2554.0,892155.0
656,17332260.0,892126.4375,2558.0,892127.0
657,17333260.0,892099.0,2534.0,892100.0
658,17334260.0,892071.0,2518.0,892072.0
659,17335260.0,892044.4375,2561.0,892045.0
660,17336260.0,892017.0,2563.0,892018.0
661,17337260.0,891989.0,2563.0,891990.0
662,17338260.0,891962.0,2541.0,891962.0
663,17339260.0,891961.0,2513.0,891961.0
664,17340260.0,891961.0,2465.0,891961.0
665,17341260.0,891961.0,2430.0,891961.0
666,17342260.0,891961.0,2420.0,891961.0
667,17343260.0,891961.0,2421.0,891961.0
668,17344260.0,891961.0,2414.0,891961.0
669,17345260.0,891961.0,2410.0,891961.0
670,17346260.0,891961.0,2442.0,891961.0
671,17347260.0,891961.0,2435.0,891961.0
672,17348260.0,891961.0,2433.0,891961.0
673,17349260.0,891961.0,2379.0,891961.0
674,17350260.0,891961.0,2376.0,891961.0
675,17351260.0,891961.0,2389.0,891961.0
676,17352260.0,891961.0,2385.0,891961.0
677,17353260.0,891961.0,2381.0,891961.0
678,17354260.0,891961.0,2376.0,891961.0
679,17355260.0,891961.0,2382.0,891961.0
680,17356260.0,891961.0,2373.0,891961.0
681,17357260.0,891961.0,2402.0,891961.0
682,17358260.0,891961.0,2395.0,891961.0
683,17359260.0,891961.0,2412.0,891961.0
684,17360260.0,891961.0,2408.0,891961.0
685,17361260.0,891961.0,2409.0,891961.0
686,17362260.0,891961.0,2375.0,891961.0
687,17363260.0,891961.0,2338.0,891961.0
688,17364260.0,891961.0,2362.0,891961.0
689,17365260.0,891961.0,2340.0,891961.0
690,17366260.0,891961.0,2353.0,891961.0
691,17367260.0,891961.0,2393.0,891961.0
692,17368260.0,891961.0,2411.0,891961.0
693,17369260.0,891961.0,2397.0,891961.0
694,17370260.0,891961.0,2393.0,891961.0
695,17371260.0,891961.0,2392.0,891961.0
696,17372260.0,891961.0,2362.0,891961.0
697,17373260.0,891961.0,2361.0,891961.0
698,17374260.0,891961.0,2357.0,891961.0
699,17375260.0,891961.0,2361.0,891961.0
700,17376260.0,891961.0,2349.0,891961.0
701,17377260.0,891961.0,2340.0,891961.0
702,17378260.0,891961.0,2323.0,891961.0
703,17379260.0,891961.0,2329.0,891961.0
704,17380260.0,891961.0,2318.0,891961.0
705,17381260.0,891961.0,2331.0,891961.0
706,17382260.0,891961.0,2346.0,891961.0
707,17383260.0,891961.0,2367.0,891961.0
708,17384260.0,891961.0,2404.0,891961.0
709,17385260.0,891961.0,2410.0,891961.0
710,17386260.0,891961.0,2382.0,891961.0
711,17387260.0,891961.0,2353.0,891961.0
712,17388260.0,891961.0,2318.0,891961.0
713,17389260.0,891961.0,2290.0,891961.0
714,17390260.0,891961.0,2314.0,891961.0
715,17391260.0,891961.0,2323.0,891961.0
716,17392260.0,891961.0,2362.0,891961.0
717,17393260.0,891961.0,2391.0,891961.0
718,17394260.0,891961.0,2402.0,891961.0
719,17395260.0,891961.0,2402.0,891961.0
720,17396260.0,891961.0,2353.0,891961.0
721,17397260.0,891961.0,2341.0,891961.0
722,17398260.0,891961.0,2328.0,891961.0
723,17399260.0,891961.0,2336.0,891961.0
724,17400260.0,891961.0,2332.0,891961.0
725,17401260.0,891961.0,2326.0,891961.0
726,17402260.0,891961.0,2327.0,891961.0
727,17403260.0,891961.0,2319.0,891961.0
728,17404260.0,891961.0,2314.0,891961.0
729,17405260.0,891961.0,2317.0,891961.0
730,17406260.0,891961.0,2338.0,891961.0
731,17407260.0,891961.0,2361.0,891961.0
732,17408260.0,891961.0,2337.0,891961.0
733,17409260.0,891961.0,2346.0,891961.0
734,17410260.0,891961.0,2336.0,891961.0
735,17411260.0,891961.0,2323.0,891961.0
736,17412260.0,891961.0,2319.0,891961.0
737,17413260.0,891961.0,2308.0,891961.0
738,17414260.0,891961.0,2315.0,891961.0
739,17415260.0,891961.0,2324.0,891961.0
740,17416260.0,891961.0,2343.0,891961.0
741,17417260.0,891961.0,2344.0,891961.0
742,17418260.0,891961.0,2367.0,891961.0
743,17419260.0,891961.0,2374.0,891961.0
744,17420260.0,891961.0,2353.0,891961.0
745,17421260.0,891961.0,2323.0,891961.0
746,17422260.0,891961.0,2319.0,891961.0
747,17423260.0,891961.0,2317.0,891961.0
748,17424260.0,891961.0,2330.0,891961.0
749,17425260.0,891961.0,2385.0,891961.0
750,17426260.0,891961.0,2399.0,891961.0
751,17427260.0,891961.0,2402.0,891961.0
752,17428260.0,891961.0,2382.0,891961.0
753,17429260.0,891961.0,2357.0,891961.0
754,17430260.0,891961.0,2323.0,891961.0
755,17431260.0,891961.0,2329.0,891961.0
756,17432260.0,891961.0,2324.0,891961.0
757,17433260.0,891961.0,2341.0,891961.0
758,17434260.0,891961.0,2372.0,891961.0
759,17435260.0,891961.0,2397.0,891961.0
760,17436260.0,891961.0,2365.0,891961.0
761,17437260.0,891961.0,2362.0,891961.0
762,17438260.0,891961.0,2337.0,891961.0
763,17439260.0,891961.0,2315.0,891961.0
764,17440260.0,891961.0,2295.0,891961.0
765,17441260.0,891961.0,2319.0,891961.0
766,17442260.0,891961.0,2327.0,891961.0
767,17443260.0,891961.0,2370.0,891961.0
768,17444260.0,891961.0,2383.0,891961.0
769,17445260.0,891961.0,2348.0,891961.0
770,17446260.0,891961.0,2362.0,891961.0
771,17447260.0,891961.0,2341.0,891961.0
772,17448260.0,891961.0,2319.0,891961.0
773,17449260.0,891961.0,2339.0,891961.0
774,17450260.0,891961.0,2340.0,891961.0
775,17451260.0,891961.0,2356.0,891961.0
776,17452260.0,891961.0,2371.0,891961.0
777,17453260.0,891961.0,2377.0,891961.0
778,17454260.0,891961.0,2368.0,891961.0
779,17455260.0,891961.0,2337.0,891961.0
780,17456260.0,891961.0,2345.0,891961.0
781,17457260.0,891961.0,2343.0,891961.0
782,17458260.0,891961.0,2356.0,891961.0
783,17459260.0,891961.0,2366.0,891961.0
784,17460260.0,891961.0,2362.0,891961.0
785,17461260.0,891961.0,2320.0,891961.0
786,17462260.0,891961.0,2323.0,891961.0
787,17463260.0,891961.0,2323.0,891961.0
788,17464260.0,891961.0,2317.0,891961.0
789,17465260.0,891961.0,2326.0,891961.0
790,17466260.0,891961.0,2367.0,891961.0
791,17467260.0,891961.0,2354.0,891961.0
792,17468260.0,891961.0,2348.0,891961.0
793,17469260.0,891961.0,2338.0,891961.0
794,17470260.0,891961.0,2331.0,891961.0
795,17471260.0,891961.0,2307.0,891961.0
796,17472260.0,891961.0,2318.0,891961.0
797,17473260.0,891961.0,2312.0,891961.0
798,17474260.0,891961.0,2314.0,891961.0
799,17475260.0,891961.0,2321.0,891961.0
800,17476260.0,891961.0,2337.0,891961.0
801,17477260.0,891961.0,2338.0,891961.0
802,17478260.0,891961.0,2358.0,891961.0
803,17479260.0,891961.0,2351.0,891961.0
804,17480260.0,891961.0,2336.0,891961.0
805,17481260.0,891961.0,2310.0,891961.0
806,17482260.0,891961.0,2315.0,891961.0
807,17483260.0,891961.0,2309.0,891961.0
808,17484260.0,891961.0,2330.0,891961.0
809,17485260.0,891961.0,2354.0,891961.0
810,17486260.0,891961.0,2358.0,891961.0
811,17487260.0,891961.0,2367.0,891961.0
812,17488260.0,891961.0,2359.0,891961.0
813,17489260.0,891961.0,2338.0,891961.0
814,17490260.0,891961.0,2310.0,891961.0
815,17491260.0,891961.0,2320.0,891961.0
816,17492260.0,891961.0,2337.0,891961.0
817,17493260.0,891961.0,2375.0,891961.0
818,17494260.0,891961.0,2384.0,891961.0
819,17495260.0,891961.0,2389.0,891961.0
820,17496260.0,891961.0,2356.0,891961.0
821,17497260.0,891961.0,2328.0,891961.0
822,17498260.0,891961.0,2308.0,891961.0
823,17499260.0,891961.0,2288.0,891961.0
824,17500260.0,891961.0,2302.0,891961.0
825,17501260.0,891961.0,2320.0,891961.0
826,17502260.0,891961.0,2346.0,891961.0
827,17503260.0,891961.0,2364.0,891961.0
828,17504260.0,891961.0,2374.0,891961.0
829,17505260.0,891961.0,2374.0,891961.0
830,17506260.0,891961.0,2362.0,891961.0
831,17507260.0,891961.0,2339.0,891961.0
832,17508260.0,891961.0,2341.0,891961.0
833,17509260.0,891961.0,2328.0,891961.0
834,17510260.0,891961.0,2328.0,891961.0
835,17511260.0,891961.0,2339.0,891961.0
836,17512260.0,891961.0,2340.0,891961.0
837,17513260.0,891961.0,2324.0,891961.0
838,17514260.0,891961.0,2329.0,891961.0
839,17515260.0,891961.0,2307.0,891961.0
840,17516260.0,891961.0,2286.0,891961.0
841,17517260.0,891961.0,2301.0,891961.0
842,17518260.0,891961.0,2361.0,891961.0
843,17519260.0,891961.0,2390.0,891961.0
844,17520260.0,891961.0,2389.0,891961.0
845,17521260.0,891961.0,2391.0,891961.0
846,17522260.0,891961.0,2355.0,891961.0
847,17523260.0,891961.0,2309.0,891961.0
848,17524260.0,891961.0,2290.0,891961.0
849,17525260.0,891961.0,2294.0,891961.0
850,17526260.0,891961.0,2297.0,891961.0
851,17527260.0,891961.0,2335.0,891961.0
852,17528260.0,891961.0,2382.0,891961.0
853,17529260.0,891961.0,2387.0,891961.0
854,17530260.0,891961.0,2377.0,891961.0
855,17531260.0,891961.0,2366.0,891961.0
856,17532260.0,891961.0,2345.0,891961.0
857,17533260.0,891961.0,2329.0,891961.0
858,17534260.0,891961.0,2322.0,891961.0
859,17535260.0,891961.0,2359.0,891961.0
860,17536260.0,891961.0,2371.0,891961.0
861,17537260.0,891961.0,2374.0,891961.0
862,17538260.0,891961.0,2347.0,891961.0
863,17539260.0,891961.0,2321.0,891961.0
864,17540260.0,891961.0,2286.0,891961.0
865,17541260.0,891961.0,2259.0,891961.0
866,17542260.0,891961.0,2266.0,891961.0
867,17543260.0,891961.0,2317.0,891961.0
868,17544260.0,891961.0,2361.0,891961.0
869,17545260.0,891961.0,2379.0,891961.0
870,17546260.0,891961.0,2402.0,891961.0
871,17547260.0,891961.0,2377.0,891961.0
872,17548260.0,891961.0,2353.0,891961.0
873,17549260.0,891961.0,2322.0,891961.0
874,17550260.0,891961.0,2297.0,891961.0
875,17551260.0,891961.0,2288.0,891961.0
876,17552260.0,891961.0,2288.0,891961.0
877,17553260.0,891961.0,2315.0,891961.0
878,17554260.0,891961.0,2312.0,891961.0
879,17555260.0,891961.0,2324.0,891961.0
880,17556260.0,891961.0,2344.0,891961.0
881,17557260.0,891961.0,2366.0,891961.0
882,17558260.0,891961.0,2372.0,891961.0
883,17559260.0,891961.0,2387.0,891961.0
884,17560260.0,891961.0,2383.0,891961.0
885,17561260.0,891961.0,2366.0,891961.0
886,17562260.0,891961.0,2337.0,891961.0
887,17563260.0,891961.0,2313.0,891961.0
888,17564260.0,891961.0,2300.0,891961.0
889,17565260.0,891961.0,2288.0,891961.0
890,17566260.0,891961.0,2291.0,891961.0
891,17567260.0,891961.0,2310.0,891961.0
892,17568260.0,891961.0,2323.0,891961.0
893,17569260.0,891961.0,2332.0,891961.0
894,17570260.0,891961.0,2358.0,891961.0
895,17571260.0,891961.0,2370.0,891961.0
896,17572260.0,891961.0,2372.0,891961.0
897,17573260.0,891961.0,2367.0,891961.0
898,17574260.0,891961.0,2341.0,891961.0
899,17575260.0,891961.0,2310.0,891961.0
900,17576260.0,891961.0,2292.0,891961.0
901,17577260.0,891961.0,2285.0,891961.0
902,17578260.0,891961.0,2299.0,891961.0
903,17579260.0,891961.0,2332.0,891961.0
904,17580260.0,891961.0,2334.0,891961.0
905,17581260.0,891961.0,2336.0,891961.0
906,17582260.0,891961.0,2328.0,891961.0
907,17583260.0,891961.0,2315.0,891961.0
908,17584260.0,891961.0,2301.0,891961.0
909,17585260.0,891961.0,2314.0,891961.0
910,17586260.0,891961.0,2295.0,891961.0
911,17587260.0,891961.0,2324.0,891961.0
912,17588260.0,891961.0,2328.0,891961.0
913,17589260.0,891961.0,2338.0,891961.0
914,17590260.0,891961.0,2317.0,891961.0
915,17591260.0,891961.0,2296.0,891961.0
916,17592260.0,891961.0,2290.0,891961.0
917,17593260.0,891961.0,2277.0,891961.0
918,17594260.0,891961.0,2296.0,891961.0
919,17595260.0,891961.0,2330.0,891961.0
920,17596260.0,891961.0,2354.0,891961.0
921,17597260.0,891961.0,2363.0,891961.0
